"Status","Start Time","Stop Time","Duration in ms","Parent Suite","Suite","Sub Suite","Test Class","Test Method","Name","Description"
"passed","Sun May 12 03:32:40 IST 2019","Sun May 12 03:32:45 IST 2019","4866","","","","","","users -- @1.3 ",""
"passed","Sun May 12 03:32:08 IST 2019","Sun May 12 03:32:12 IST 2019","4456","","","","","","albums -- @1.2 ",""
"passed","Sun May 12 03:32:21 IST 2019","Sun May 12 03:32:26 IST 2019","5054","","","","","","albums -- @1.5 ",""
"passed","Sun May 12 03:32:12 IST 2019","Sun May 12 03:32:17 IST 2019","4468","","","","","","albums -- @1.3 ",""
"passed","Sun May 12 03:32:26 IST 2019","Sun May 12 03:32:31 IST 2019","4955","","","","","","albums -- @1.6 ",""
"passed","Sun May 12 03:32:03 IST 2019","Sun May 12 03:32:08 IST 2019","4840","","","","","","albums -- @1.1 ",""
"passed","Sun May 12 03:32:31 IST 2019","Sun May 12 03:32:36 IST 2019","4289","","","","","","users -- @1.1 ",""
"passed","Sun May 12 03:32:17 IST 2019","Sun May 12 03:32:21 IST 2019","4471","","","","","","albums -- @1.4 ",""
"passed","Sun May 12 03:32:45 IST 2019","Sun May 12 03:32:50 IST 2019","4649","","","","","","users -- @1.4 ",""
"passed","Sun May 12 03:32:52 IST 2019","Sun May 12 03:32:53 IST 2019","1242","","","","","","users -- @1.1 ",""
"passed","Sun May 12 03:32:36 IST 2019","Sun May 12 03:32:40 IST 2019","4442","","","","","","users -- @1.2 ",""
"passed","Sun May 12 03:32:50 IST 2019","Sun May 12 03:32:52 IST 2019","2049","","","","","","Albums -- @1.1 ",""
